id;name;surname;phone;email;owner
1;mobile Fish;Home Loan Account Table Computer;(483) 617-6009;Riley0@hotmail.com;Officer
2;methodology Albania;Home Namibia;102.932.4076;Geovanni_Langworth46@gmail.com;HDD
3;Table Small Frozen Sausages Planner;envisioneer Music Public-key;461-648-0193;Chloe.Ondricka42@gmail.com;sky blue Georgia
4;Facilitator;Views e-enable Communications;1-930-515-0938 x3725;Kyler.Hermiston60@hotmail.com;bifurcated scalable
5;Small;deliverables reinvent 24 hour;817-777-7609;Mac_Buckridge85@yahoo.com;Highway Ergonomic
6;moratorium moratorium;New York tangible Mississippi;197.877.5272;Aliza.Lebsack11@yahoo.com;partnerships
7;Outdoors;Harbor Montana;(912) 645-7229 x0526;Shania_Ward@gmail.com;deposit
8;Squares mint green e-business;Ghana back-end National;1-912-264-0838;Adalberto_Cummerata@gmail.com;Bedfordshire Bahamian Dollar
9;24/7;Gloves sky blue Oklahoma;309-292-2647 x312;Alfredo_Gleason@hotmail.com;paradigms Home
10;Investor Public-key;Lebanon;952-560-7322 x783;Lonzo.Wyman@yahoo.com;bypassing optical
